"","Frecuencia","TVSec(V)","ISec(A)","Iprim(A)","TNucleoSup","TDevPrim","TDevSec","Tambiente","V_In","Estado"
"1",59.97,12.177,0.67805,0.22093,25.94,25.06,24.75,25.06,119.9,"Bueno"
"2",59.97,12.175,0.67936,0.22088,25.94,25.06,24.75,25.06,119.9,"Bueno"
"3",59.97,12.173,0.67971,0.22321,26,25.12,24.75,25.06,119.9,"Bueno"
"4",59.97,12.174,0.67927,0.22209,26,25.06,24.75,25,119.9,"Bueno"
"5",59.96,12.173,0.67994,0.22335,26,25.06,24.75,25.06,119.9,"Bueno"
"6",59.96,12.178,0.67949,0.223,26,25.06,24.75,25.06,119.9,"Bueno"
"7",59.96,12.174,0.67941,0.22198,26,25.12,24.75,25.06,119.9,"Bueno"
"8",59.97,12.177,0.6801,0.22304,26.06,25.06,24.75,25,119.9,"Bueno"
"9",59.98,12.176,0.67911,0.2229,26.06,25.12,24.75,25.06,119.9,"Bueno"
"10",59.98,12.178,0.6787,0.22147,26.06,25.06,24.75,25,119.9,"Bueno"
"11",59.98,12.177,0.67846,0.22325,26.06,25.12,24.75,25.06,119.9,"Bueno"
"12",59.98,12.176,0.67873,0.22138,26.06,25.12,24.75,25.06,119.9,"Bueno"
"13",59.98,12.174,0.67893,0.22163,26.06,25.12,24.75,25.06,119.9,"Bueno"
"14",59.98,12.173,0.67927,0.22114,26.12,25.06,24.75,25.06,119.9,"Bueno"
"15",59.97,12.175,0.67808,0.22237,26.12,25,24.75,25,119.9,"Bueno"
"16",59.97,12.175,0.67916,0.22248,26.12,25.06,24.75,25,119.9,"Bueno"
"17",59.97,12.177,0.67881,0.22116,26.12,25.12,24.75,25,119.9,"Bueno"
"18",59.98,12.183,0.67898,0.22057,26.12,25.12,24.75,25,119.9,"Bueno"
"19",59.99,12.183,0.67906,0.22117,26.12,25.06,24.75,25,119.9,"Bueno"
"20",59.99,12.182,0.67931,0.22132,26.12,25.06,24.75,25,119.9,"Bueno"
"21",59.99,12.183,0.68022,0.22008,26.12,25.12,24.75,25,119.9,"Bueno"
"22",60.03,12.181,0.67859,0.22085,26.19,25.06,24.75,25,119.9,"Bueno"
"23",60.03,12.18,0.68023,0.22083,26.25,25.06,24.75,25,119.9,"Bueno"
"24",60.03,12.177,0.67994,0.22082,26.25,25.06,24.75,25,119.9,"Bueno"
"25",60.03,12.178,0.67968,0.22026,26.25,25.06,24.75,25,119.9,"Bueno"
"26",60.03,12.176,0.6812,0.2217,26.25,25.06,24.75,25,119.9,"Bueno"
"27",60.03,12.174,0.67954,0.22211,26.25,25.12,24.75,25,119.9,"Bueno"
"28",60.03,12.178,0.67865,0.2219,26.25,25.12,24.75,25,119.9,"Bueno"
"29",60.03,12.178,0.67907,0.21947,26.25,25.12,24.81,25,119.9,"Bueno"
"30",60.03,12.177,0.67976,0.22223,26.31,25.12,24.75,25,119.9,"Bueno"
"31",60.03,12.178,0.67835,0.22165,26.31,25.06,24.75,25,119.9,"Bueno"
"32",60.02,12.179,0.67859,0.22103,26.31,25.12,24.75,25,119.9,"Bueno"
"33",60.02,12.179,0.6776,0.22207,26.37,25.12,24.75,24.94,119.9,"Bueno"
"34",60.02,12.181,0.67947,0.22241,26.37,25.12,24.75,24.94,119.9,"Bueno"
"35",60.03,12.166,0.67705,0.2212,26.44,25.12,24.75,24.94,119.9,"Bueno"
"36",60.03,12.176,0.67768,0.2221,26.37,25.12,24.75,24.94,119.9,"Bueno"
"37",60.03,12.175,0.67826,0.22281,26.37,25.12,24.75,24.94,119.9,"Bueno"
"38",60.04,12.176,0.67722,0.22184,26.37,25.12,24.75,24.94,119.9,"Bueno"
"39",60.04,12.172,0.67774,0.22012,26.44,25.12,24.69,25,119.9,"Bueno"
"40",60.04,12.172,0.67722,0.22198,26.44,25.19,24.75,25,119.9,"Bueno"
"41",60.04,12.171,0.67764,0.22295,26.44,25.12,24.75,25,119.9,"Bueno"
"42",60.02,12.168,0.67835,0.22066,26.44,25.19,24.75,24.94,119.9,"Bueno"
"43",60.02,12.169,0.67956,0.22088,26.5,25.12,24.75,24.94,119.9,"Bueno"
"44",60.02,12.172,0.67817,0.22322,26.5,25.19,24.75,24.94,119.9,"Bueno"
"45",60,12.17,0.67944,0.22284,26.5,25.19,24.75,24.94,119.9,"Bueno"
"46",59.99,12.171,0.67987,0.22168,26.56,25.19,24.75,24.94,119.9,"Bueno"
"47",59.99,12.17,0.67807,0.22339,26.56,25.19,24.75,24.94,119.9,"Bueno"
"48",59.99,12.174,0.67674,0.22323,26.56,25.19,24.75,24.94,119.9,"Bueno"
"49",59.99,12.172,0.67426,0.22277,26.62,25.19,24.75,24.94,119.9,"Bueno"
"50",59.99,12.175,0.67415,0.22378,26.62,25.19,24.75,24.94,119.9,"Bueno"
"51",59.99,12.176,0.67634,0.22315,26.62,25.19,24.75,24.94,119.9,"Bueno"
"52",60.01,12.172,0.67895,0.22191,26.62,25.12,24.75,24.94,119.9,"Bueno"
"53",60.01,12.176,0.67858,0.22409,26.62,25.19,24.75,24.94,119.9,"Bueno"
"54",60.01,12.176,0.67814,0.22278,26.69,25.25,24.81,24.94,119.9,"Bueno"
"55",60.02,12.173,0.67937,0.22236,26.69,25.19,24.75,24.87,119.9,"Bueno"
"56",60.02,12.174,0.6783,0.22326,26.69,25.19,24.75,24.94,119.9,"Bueno"
"57",60.02,12.172,0.67835,0.2227,26.69,25.25,24.81,24.94,119.9,"Bueno"
"58",60.02,12.174,0.67893,0.22238,26.69,25.19,24.81,24.94,119.9,"Bueno"
"59",60.02,12.173,0.67823,0.22274,26.69,25.25,24.81,24.94,119.9,"Bueno"
"60",60.02,12.175,0.67941,0.22299,26.75,25.19,24.81,24.94,119.9,"Bueno"
"61",60.02,12.171,0.67764,0.22297,26.81,25.19,24.81,24.94,119.9,"Bueno"
"62",60.02,12.175,0.6796,0.22262,26.75,25.12,24.81,24.87,119.9,"Bueno"
"63",60.02,12.181,0.6786,0.22382,26.81,25.25,24.81,24.87,119.9,"Bueno"
"64",60.02,12.179,0.67804,0.22387,26.81,25.19,24.81,24.87,119.9,"Bueno"
"65",60.03,12.178,0.67679,0.22232,26.81,25.19,24.81,24.87,119.9,"Bueno"
"66",60.03,12.179,0.67568,0.22269,26.87,25.19,24.81,24.94,119.9,"Bueno"
"67",60.03,12.181,0.6776,0.22104,26.87,25.25,24.81,24.94,119.9,"Bueno"
"68",60.03,12.182,0.68068,0.22317,26.94,25.19,24.81,24.94,119.9,"Bueno"
"69",60.04,12.181,0.67981,0.22226,26.94,25.25,24.81,24.87,119.9,"Bueno"
"70",60.04,12.18,0.67982,0.22242,26.94,25.25,24.81,24.87,119.9,"Bueno"
"71",60.04,12.182,0.6775,0.22228,26.94,25.25,24.81,24.94,119.9,"Bueno"
"72",60.03,12.181,0.67729,0.22204,26.94,25.25,24.81,24.87,119.9,"Bueno"
"73",60.03,12.184,0.67916,0.22388,26.94,25.25,24.81,24.87,119.9,"Bueno"
"74",60.03,12.188,0.67884,0.22113,26.94,25.25,24.81,24.87,119.9,"Bueno"
"75",60.02,12.183,0.67903,0.22253,26.94,25.25,24.81,24.87,119.9,"Bueno"
"76",60.02,12.181,0.67875,0.22273,27,25.25,24.81,24.87,119.9,"Bueno"
"77",60.02,12.175,0.67821,0.22181,27,25.25,24.81,24.87,119.9,"Bueno"
"78",60.01,12.176,0.67663,0.22124,27,25.31,24.87,24.87,119.9,"Bueno"
"79",60,12.174,0.67541,0.22164,27.06,25.25,24.81,24.94,119.9,"Bueno"
"80",60,12.174,0.67734,0.22166,27.06,25.31,24.87,24.87,119.9,"Bueno"
"81",60.01,12.173,0.68004,0.22033,27.06,25.25,24.81,24.87,119.9,"Bueno"
"82",60.01,12.174,0.67878,0.22167,27.06,25.25,24.81,24.87,119.9,"Bueno"
"83",60.01,12.175,0.67885,0.22076,27.06,25.31,24.81,24.87,119.9,"Bueno"
"84",60.01,12.179,0.67778,0.22158,27.12,25.25,24.87,24.87,119.9,"Bueno"
"85",60.01,12.178,0.67601,0.21937,27.12,25.25,24.87,24.87,119.9,"Bueno"
"86",60.01,12.178,0.67668,0.2246,27.12,25.25,24.87,24.87,119.9,"Bueno"
"87",60.01,12.176,0.67641,0.22239,27.12,25.31,24.87,24.87,119.9,"Bueno"
"88",60.02,12.176,0.67708,0.22182,27.19,25.31,24.81,24.87,119.9,"Bueno"
"89",60.02,12.169,0.67714,0.22228,27.19,25.25,24.81,24.87,119.9,"Bueno"
"90",60.02,12.171,0.67757,0.22252,27.19,25.25,24.81,24.81,119.9,"Bueno"
"91",60.02,12.17,0.67829,0.22302,27.19,25.31,24.87,24.87,119.9,"Bueno"
"92",60.01,12.174,0.67723,0.22446,27.25,25.25,24.87,24.87,119.9,"Bueno"
"93",60.01,12.174,0.67839,0.22274,27.25,25.25,24.87,24.87,119.9,"Bueno"
"94",60.01,12.177,0.67932,0.22395,27.31,25.31,24.87,24.87,119.9,"Bueno"
"95",60.01,12.171,0.67502,0.22478,27.31,25.31,24.87,24.87,119.9,"Bueno"
"96",60.02,12.167,0.67623,0.22414,27.25,25.25,24.87,24.87,119.9,"Bueno"
"97",60.02,12.166,0.67888,0.22267,27.25,25.25,24.87,24.87,119.9,"Bueno"
"98",60.01,12.168,0.67518,0.22386,27.31,25.25,24.87,24.81,119.9,"Bueno"
"99",60,12.17,0.6771,0.22341,27.31,25.31,24.87,24.87,119.9,"Bueno"
"100",60,12.159,0.67674,0.22245,27.31,25.31,24.87,24.87,119.9,"Bueno"
"101",60,12.166,0.67545,0.22237,27.37,25.31,24.87,24.81,119.9,"Bueno"
"102",59.99,12.167,0.67553,0.22368,27.37,25.25,24.94,24.81,119.9,"Bueno"
"103",59.99,12.168,0.67293,0.22294,27.37,25.25,24.87,24.87,119.9,"Bueno"
"104",59.99,12.168,0.67596,0.22257,27.37,25.31,24.94,24.87,119.9,"Bueno"
"105",59.98,12.166,0.67384,0.22295,27.37,25.31,24.94,24.87,119.9,"Bueno"
"106",59.98,12.167,0.67583,0.22365,27.44,25.31,24.94,24.87,119.9,"Bueno"
"107",59.98,12.167,0.67465,0.22435,27.44,25.25,24.94,24.87,119.9,"Bueno"
"108",59.97,12.168,0.67385,0.2233,27.5,25.31,24.94,24.87,119.9,"Bueno"
"109",59.97,12.167,0.67429,0.22357,27.44,25.31,24.94,24.87,119.9,"Bueno"
"110",59.97,12.165,0.67377,0.22276,27.44,25.37,24.94,24.87,119.9,"Bueno"
"111",59.97,12.164,0.67502,0.22352,27.5,25.31,24.94,24.81,119.9,"Bueno"
"112",59.97,12.166,0.67386,0.22316,27.5,25.31,24.94,24.87,119.9,"Bueno"
"113",59.97,12.164,0.67525,0.22313,27.5,25.31,24.94,24.87,119.9,"Bueno"
"114",59.97,12.169,0.67615,0.22334,27.56,25.31,24.94,24.87,119.9,"Bueno"
"115",59.96,12.166,0.67486,0.22378,27.56,25.31,24.94,24.81,119.9,"Bueno"
"116",59.96,12.166,0.67441,0.22344,27.56,25.31,24.94,24.87,119.9,"Bueno"
"117",59.96,12.157,0.67365,0.22428,27.62,25.31,24.94,24.81,119.9,"Bueno"
"118",59.96,12.155,0.6748,0.22329,27.56,25.31,24.94,24.87,119.9,"Bueno"
"119",59.96,12.153,0.67487,0.22407,27.62,25.31,24.94,24.81,119.9,"Bueno"
"120",59.96,12.155,0.67529,0.22365,27.62,25.31,24.94,24.81,119.9,"Bueno"
"121",59.96,12.155,0.67623,0.22292,27.62,25.31,24.94,24.81,119.9,"Bueno"
"122",59.96,12.139,0.6744,0.22271,27.69,25.31,24.94,24.81,119.9,"Bueno"
"123",59.96,12.145,0.67354,0.22314,27.69,25.31,24.94,24.81,119.9,"Bueno"
"124",59.96,12.142,0.67344,0.2234,27.69,25.31,24.94,24.81,119.9,"Bueno"
"125",59.96,12.144,0.67239,0.22236,27.75,25.37,24.94,24.81,119.9,"Bueno"
"126",59.96,12.139,0.6729,0.22335,27.75,25.31,24.94,24.81,119.9,"Bueno"
"127",59.96,12.138,0.67129,0.22221,27.75,25.31,24.94,24.81,119.9,"Bueno"
"128",59.97,12.144,0.67304,0.22273,27.75,25.31,24.94,24.81,119.9,"Bueno"
"129",59.97,12.141,0.67048,0.22404,27.81,25.37,24.94,24.81,119.9,"Bueno"
"130",59.97,12.139,0.67317,0.22275,27.81,25.31,24.94,24.81,119.9,"Bueno"
"131",59.97,12.141,0.67298,0.22234,27.81,25.37,25,24.81,119.9,"Bueno"
"132",59.98,12.138,0.67381,0.22271,27.81,25.44,24.94,24.81,119.9,"Bueno"
"133",59.98,12.144,0.67243,0.22099,27.87,25.37,25,24.75,119.9,"Bueno"
"134",59.98,12.145,0.67097,0.22118,27.87,25.37,25,24.75,119.9,"Bueno"
"135",59.99,12.148,0.67293,0.22395,27.87,25.44,25,24.75,119.9,"Bueno"
"136",59.99,12.149,0.67376,0.22289,27.94,25.37,24.94,24.81,119.9,"Bueno"
"137",59.99,12.144,0.67598,0.22219,27.94,25.37,25,24.81,119.9,"Bueno"
"138",60,12.145,0.67645,0.2208,27.94,25.44,25.06,24.75,119.9,"Bueno"
"139",60.01,12.145,0.67557,0.22163,27.94,25.44,25.06,24.75,119.9,"Bueno"
"140",60.01,12.144,0.67226,0.22198,27.94,25.37,25,24.81,119.9,"Bueno"
"141",60.01,12.144,0.67388,0.22311,27.94,25.44,25,24.81,119.9,"Bueno"
"142",60.02,12.14,0.67264,0.22186,27.94,25.44,25.06,24.81,119.9,"Bueno"
"143",60.02,12.142,0.67346,0.2224,28,25.44,25,24.75,119.9,"Bueno"
"144",60.02,12.141,0.67442,0.22154,28,25.44,25,24.75,119.9,"Bueno"
"145",60.01,12.146,0.67456,0.22161,28,25.37,25.06,24.75,119.9,"Bueno"
"146",60.01,12.149,0.67586,0.2229,28.06,25.44,25.06,24.75,119.9,"Bueno"
"147",60.01,12.153,0.67565,0.22226,28.06,25.44,25.06,24.75,119.9,"Bueno"
"148",60.01,12.151,0.67466,0.2227,28.06,25.44,25.06,24.75,119.9,"Bueno"
"149",60.01,12.153,0.67512,0.22182,28.06,25.44,25.06,24.75,119.9,"Bueno"
"150",60.01,12.153,0.67495,0.22244,28.12,25.44,25.06,24.75,119.9,"Bueno"
"151",60.01,12.157,0.67516,0.22214,28.06,25.44,25.06,24.75,119.9,"Bueno"
"152",60.01,12.158,0.67584,0.22409,28.12,25.44,25.06,24.81,119.9,"Bueno"
"153",60.01,12.159,0.6755,0.22358,28.12,25.44,25.12,24.75,119.9,"Bueno"
"154",60.01,12.159,0.677,0.22476,28.12,25.44,25.06,24.69,119.9,"Bueno"
"155",60,12.16,0.67873,0.22284,28.12,25.44,25.06,24.69,119.9,"Bueno"
"156",60,12.164,0.6769,0.22334,28.19,25.44,25.12,24.69,119.9,"Bueno"
"157",60,12.168,0.67689,0.2238,28.19,25.5,25.12,24.69,119.9,"Bueno"
"158",60.01,12.168,0.676,0.2232,28.19,25.5,25.12,24.75,119.9,"Bueno"
"159",60.03,12.166,0.67649,0.22351,28.19,25.5,25.12,24.75,119.9,"Bueno"
"160",60.03,12.166,0.67484,0.22291,28.19,25.5,25.12,24.75,119.9,"Bueno"
"161",60.03,12.166,0.67665,0.22367,28.19,25.44,25.12,24.69,119.9,"Bueno"
"162",60.03,12.168,0.6758,0.22367,28.25,25.5,25.12,24.75,119.9,"Bueno"
"163",60.03,12.17,0.67736,0.22499,28.25,25.5,25.12,24.75,119.9,"Bueno"
"164",60.03,12.167,0.67534,0.22382,28.25,25.44,25.12,24.75,119.9,"Bueno"
"165",60.03,12.168,0.67486,0.22514,28.31,25.44,25.12,24.75,119.9,"Bueno"
"166",60.02,12.165,0.67573,0.22374,28.31,25.5,25.19,24.69,119.9,"Bueno"
"167",60.02,12.168,0.67552,0.22481,28.31,25.5,25.19,24.69,119.9,"Bueno"
"168",60.02,12.174,0.67541,0.22428,28.31,25.5,25.19,24.69,119.9,"Bueno"
"169",60.02,12.178,0.67448,0.22417,28.31,25.44,25.19,24.75,119.9,"Bueno"
"170",60.02,12.176,0.67519,0.22439,28.37,25.5,25.12,24.69,119.9,"Bueno"
"171",60.01,12.174,0.67424,0.22492,28.37,25.5,25.12,24.69,119.9,"Bueno"
"172",60,12.174,0.67454,0.22537,28.37,25.5,25.19,24.69,119.9,"Bueno"
"173",60,12.175,0.6763,0.22384,28.44,25.5,25.12,24.75,119.9,"Bueno"
"174",60,12.178,0.67583,0.22541,28.44,25.5,25.19,24.75,119.9,"Bueno"
"175",60,12.179,0.67614,0.22396,28.44,25.56,25.12,24.69,119.9,"Bueno"
"176",59.99,12.179,0.67613,0.22493,28.44,25.5,25.12,24.75,119.9,"Bueno"
"177",59.99,12.184,0.67641,0.22542,28.5,25.5,25.19,24.69,119.9,"Bueno"
"178",60,12.182,0.67524,0.22519,28.5,25.56,25.19,24.69,119.9,"Bueno"
"179",60.01,12.183,0.67642,0.22513,28.5,25.5,25.12,24.69,119.9,"Bueno"
"180",60.01,12.18,0.67696,0.22538,28.5,25.5,25.12,24.69,119.9,"Bueno"
"181",60.01,12.182,0.67463,0.22565,28.56,25.5,25.12,24.69,119.9,"Bueno"
"182",60.02,12.18,0.6761,0.22538,28.56,25.56,25.19,24.69,119.9,"Bueno"
"183",60.02,12.18,0.67636,0.22574,28.56,25.5,25.12,24.69,119.9,"Bueno"
"184",60.02,12.181,0.67739,0.22511,28.56,25.56,25.12,24.69,119.9,"Bueno"
"185",60.01,12.181,0.67596,0.22546,28.56,25.56,25.12,24.75,119.9,"Bueno"
"186",60.01,12.183,0.67511,0.22666,28.62,25.56,25.19,24.69,119.9,"Bueno"
"187",60.01,12.181,0.67648,0.22466,28.62,25.56,25.12,24.75,119.9,"Bueno"
"188",60.02,12.183,0.67736,0.22615,28.62,25.56,25.12,24.69,119.9,"Bueno"
"189",60.02,12.184,0.67756,0.22464,28.62,25.56,25.19,24.69,119.9,"Bueno"
"190",60.02,12.182,0.67614,0.22364,28.69,25.56,25.19,24.69,119.9,"Bueno"
"191",60.02,12.182,0.67625,0.22447,28.69,25.56,25.12,24.69,119.9,"Bueno"
"192",60.03,12.182,0.67613,0.2253,28.69,25.56,25.19,24.69,119.9,"Bueno"
"193",60.03,12.187,0.67556,0.22411,28.69,25.56,25.19,24.69,119.9,"Bueno"
"194",60.03,12.184,0.67479,0.22635,28.69,25.56,25.19,24.69,119.9,"Bueno"
"195",60.02,12.188,0.6768,0.22507,28.69,25.56,25.19,24.69,119.9,"Bueno"
"196",60.01,12.185,0.6742,0.2257,28.75,25.56,25.19,24.69,119.9,"Bueno"
"197",60.01,12.183,0.67558,0.22708,28.75,25.56,25.19,24.69,119.9,"Bueno"
"198",60,12.183,0.67657,0.22406,28.75,25.62,25.19,24.69,119.9,"Bueno"
"199",59.99,12.179,0.67422,0.22429,28.75,25.62,25.25,24.69,119.9,"Bueno"
"200",59.99,12.181,0.67801,0.22528,28.75,25.56,25.25,24.69,119.9,"Bueno"
"201",59.99,12.183,0.67614,0.22477,28.75,25.56,25.25,24.62,119.9,"Bueno"
"202",59.97,12.187,0.67617,0.22599,28.81,25.62,25.25,24.69,119.9,"Bueno"
"203",59.97,12.191,0.67592,0.2255,28.81,25.56,25.25,24.69,119.9,"Bueno"
"204",59.97,12.191,0.67497,0.22733,28.81,25.62,25.25,24.69,119.9,"Bueno"
"205",59.97,12.19,0.67605,0.22632,28.81,25.62,25.19,24.69,119.9,"Bueno"
"206",59.97,12.188,0.6743,0.22646,28.81,25.62,25.19,24.69,119.9,"Bueno"
"207",59.97,12.19,0.67413,0.22561,28.81,25.62,25.19,24.69,119.9,"Bueno"
"208",59.97,12.193,0.67644,0.22418,28.87,25.62,25.25,24.69,119.9,"Bueno"
"209",59.97,12.192,0.67509,0.227,28.87,25.62,25.25,24.62,119.9,"Bueno"
"210",59.97,12.194,0.67656,0.22592,28.87,25.69,25.25,24.69,119.9,"Bueno"
"211",59.97,12.183,0.67667,0.22608,28.94,25.69,25.25,24.69,119.9,"Bueno"
"212",59.98,12.191,0.67654,0.22531,28.94,25.62,25.25,24.69,119.9,"Bueno"
"213",59.98,12.192,0.67625,0.22508,28.94,25.62,25.25,24.62,119.9,"Bueno"
"214",59.98,12.194,0.67585,0.22618,28.94,25.62,25.31,24.69,119.9,"Bueno"
"215",59.98,12.193,0.67614,0.22579,29,25.69,25.31,24.69,119.9,"Bueno"
"216",59.98,12.192,0.67619,0.22648,29,25.62,25.31,24.62,119.9,"Bueno"
"217",59.98,12.193,0.67591,0.22596,29.06,25.62,25.31,24.62,119.9,"Bueno"
"218",59.98,12.195,0.67623,0.22671,29,25.69,25.31,24.69,119.9,"Bueno"
"219",59.97,12.194,0.67577,0.227,29.06,25.69,25.31,24.69,119.9,"Bueno"
"220",59.97,12.196,0.67827,0.22654,29.06,25.69,25.31,24.62,119.9,"Bueno"
"221",59.97,12.19,0.67842,0.22557,29.06,25.62,25.31,24.69,119.9,"Bueno"
"222",59.98,12.192,0.67435,0.22698,29.06,25.69,25.31,24.62,119.9,"Bueno"
"223",59.98,12.193,0.67671,0.22604,29.12,25.62,25.31,24.62,119.9,"Bueno"
"224",59.98,12.193,0.67607,0.22553,29.06,25.69,25.37,24.69,119.9,"Bueno"
"225",59.98,12.192,0.67741,0.22544,29.12,25.69,25.31,24.62,119.9,"Bueno"
"226",59.97,12.192,0.6766,0.22628,29.06,25.69,25.37,24.62,119.9,"Bueno"
"227",59.97,12.191,0.67603,0.22599,29.12,25.69,25.37,24.62,119.9,"Bueno"
"228",59.97,12.192,0.6768,0.2267,29.12,25.69,25.31,24.62,119.9,"Bueno"
"229",59.97,12.192,0.67714,0.22523,29.12,25.75,25.37,24.62,119.9,"Bueno"
"230",59.97,12.193,0.67694,0.22641,29.19,25.75,25.31,24.62,119.9,"Bueno"
"231",59.97,12.195,0.67765,0.22582,29.19,25.75,25.37,24.62,119.9,"Bueno"
"232",59.97,12.195,0.67682,0.22635,29.25,25.75,25.37,24.62,119.9,"Bueno"
"233",59.97,12.198,0.67648,0.22591,29.25,25.75,25.37,24.62,119.9,"Bueno"
"234",59.97,12.199,0.67723,0.22809,29.25,25.75,25.37,24.62,119.9,"Bueno"
"235",59.99,12.202,0.6769,0.22571,29.25,25.69,25.37,24.62,119.9,"Bueno"
"236",59.99,12.203,0.67656,0.22592,29.31,25.75,25.37,24.62,119.9,"Bueno"
"237",59.99,12.199,0.67658,0.2266,29.31,25.75,25.37,24.62,119.9,"Bueno"
"238",60,12.198,0.6767,0.22618,29.31,25.75,25.37,24.62,119.9,"Bueno"
"239",60,12.201,0.67675,0.22596,29.31,25.75,25.44,24.62,119.9,"Bueno"
"240",60,12.202,0.6777,0.22674,29.31,25.75,25.44,24.62,119.9,"Bueno"
"241",60,12.199,0.67829,0.22653,29.31,25.75,25.37,24.62,119.9,"Bueno"
"242",59.99,12.197,0.67775,0.2248,29.31,25.81,25.44,24.62,119.9,"Bueno"
"243",59.99,12.201,0.67683,0.22414,29.37,25.75,25.44,24.62,119.9,"Bueno"
"244",59.99,12.199,0.67584,0.22566,29.37,25.75,25.44,24.56,119.9,"Bueno"
"245",60,12.197,0.67663,0.22544,29.37,25.75,25.44,24.62,119.9,"Bueno"
"246",60,12.202,0.6779,0.22611,29.37,25.81,25.44,24.62,119.9,"Bueno"
"247",60,12.202,0.67654,0.22384,29.44,25.81,25.44,24.56,119.9,"Bueno"
"248",60,12.202,0.67707,0.22393,29.44,25.87,25.44,24.62,119.9,"Bueno"
"249",60,12.201,0.67629,0.22469,29.44,25.81,25.44,24.62,119.9,"Bueno"
"250",60,12.199,0.67696,0.22314,29.44,25.81,25.44,24.62,119.9,"Bueno"
"251",60,12.199,0.67682,0.22398,29.44,25.81,25.37,24.69,119.9,"Bueno"
"252",59.99,12.198,0.67691,0.2232,29.44,25.81,25.44,24.62,119.9,"Bueno"
"253",59.99,12.2,0.67739,0.22435,29.44,25.81,25.5,24.62,119.9,"Bueno"
"254",59.99,12.197,0.6764,0.22471,29.44,25.81,25.44,24.62,119.9,"Bueno"
"255",59.98,12.195,0.67625,0.22621,29.44,25.81,25.44,24.62,119.9,"Bueno"
"256",59.98,12.198,0.67635,0.22568,29.5,25.87,25.44,24.62,119.9,"Bueno"
"257",59.98,12.197,0.67935,0.22608,29.5,25.87,25.44,24.62,119.9,"Bueno"
"258",59.97,12.198,0.67775,0.22699,29.5,25.81,25.44,24.62,119.9,"Bueno"
"259",59.97,12.196,0.67756,0.22528,29.56,25.87,25.44,24.62,119.9,"Bueno"
"260",59.97,12.199,0.67852,0.22698,29.56,25.81,25.5,24.62,119.9,"Bueno"
"261",59.97,12.2,0.67661,0.22646,29.56,25.87,25.44,24.62,119.9,"Bueno"
"262",59.97,12.198,0.67734,0.22557,29.56,25.87,25.5,24.62,119.9,"Bueno"
"263",59.97,12.2,0.6776,0.22679,29.56,25.87,25.5,24.62,119.9,"Bueno"
"264",59.97,12.199,0.67845,0.22723,29.56,25.87,25.5,24.62,119.9,"Bueno"
"265",59.97,12.197,0.67953,0.22636,29.62,25.81,25.5,24.62,119.9,"Bueno"
"266",59.97,12.199,0.67767,0.22602,29.62,25.87,25.5,24.62,119.9,"Bueno"
"267",59.97,12.198,0.67591,0.22641,29.62,25.87,25.5,24.62,119.9,"Bueno"
"268",59.97,12.2,0.67803,0.22664,29.62,25.94,25.5,24.62,119.9,"Bueno"
"269",59.97,12.197,0.67603,0.22608,29.62,25.87,25.5,24.62,119.9,"Bueno"
"270",59.97,12.197,0.67824,0.22532,29.69,25.87,25.5,24.62,119.9,"Bueno"
"271",59.97,12.198,0.67553,0.22772,29.69,25.87,25.5,24.56,119.9,"Bueno"
"272",59.98,12.197,0.67523,0.22666,29.69,25.94,25.5,24.62,119.9,"Bueno"
"273",59.98,12.202,0.67715,0.22709,29.69,25.87,25.56,24.62,119.9,"Bueno"
"274",59.98,12.198,0.67637,0.22655,29.75,25.94,25.56,24.62,119.9,"Bueno"
"275",59.99,12.2,0.67723,0.22708,29.75,25.94,25.56,24.62,119.9,"Bueno"
"276",59.99,12.196,0.6779,0.22569,29.81,26,25.5,24.62,119.9,"Bueno"
"277",59.99,12.194,0.67639,0.22604,29.75,26,25.56,24.56,119.9,"Bueno"
"278",59.99,12.192,0.67714,0.22648,29.81,26,25.56,24.62,119.9,"Bueno"
"279",59.99,12.188,0.67663,0.22648,29.81,25.94,25.56,24.62,119.9,"Bueno"
"280",59.99,12.193,0.67561,0.22576,29.81,25.87,25.56,24.62,119.9,"Bueno"
"281",59.99,12.191,0.67578,0.22606,29.81,25.94,25.56,24.62,119.9,"Bueno"
"282",59.99,12.191,0.67647,0.22641,29.81,26,25.56,24.56,119.9,"Bueno"
"283",59.99,12.192,0.67776,0.2256,29.87,26,25.56,24.56,119.9,"Bueno"
"284",59.99,12.19,0.6765,0.22503,29.87,25.94,25.5,24.56,119.9,"Bueno"
"285",59.99,12.188,0.67652,0.22539,29.87,25.94,25.56,24.56,119.9,"Bueno"
"286",59.99,12.189,0.67563,0.227,29.87,25.94,25.56,24.56,119.9,"Bueno"
"287",59.99,12.191,0.67816,0.22678,29.87,25.94,25.56,24.56,119.9,"Bueno"
"288",59.98,12.193,0.67681,0.22811,29.94,25.94,25.56,24.56,119.9,"Bueno"
"289",59.98,12.191,0.67576,0.22722,29.87,25.94,25.56,24.56,119.9,"Bueno"
"290",59.98,12.192,0.676,0.22659,29.94,26,25.56,24.56,119.9,"Bueno"
"291",59.98,12.195,0.67688,0.22615,29.94,26,25.56,24.56,119.9,"Bueno"
"292",59.98,12.195,0.67926,0.22674,29.94,26,25.5,24.56,119.9,"Bueno"
"293",59.98,12.199,0.67735,0.22679,29.94,26,25.5,24.56,119.9,"Bueno"
"294",59.98,12.196,0.67811,0.22767,29.94,26,25.56,24.5,119.9,"Bueno"
"295",60,12.194,0.67852,0.22571,30,26.06,25.62,24.56,119.9,"Bueno"
"296",60,12.194,0.67819,0.22674,30,26,25.62,24.56,119.9,"Bueno"
"297",60,12.194,0.67735,0.22643,30.06,26,25.62,24.56,119.9,"Bueno"
"298",60.01,12.196,0.67789,0.22764,30.06,26.06,25.62,24.56,119.9,"Bueno"
"299",60.01,12.185,0.67735,0.22596,30.06,26.06,25.62,24.56,119.9,"Bueno"
"300",60.01,12.194,0.67741,0.22609,30.12,26.06,25.62,24.5,119.9,"Bueno"
"301",60.01,12.194,0.6786,0.22551,30.06,26.06,25.69,24.5,119.9,"Bueno"
"302",60.03,12.193,0.67624,0.22634,30.06,26.06,25.62,24.56,119.9,"Bueno"
"303",60.03,12.19,0.67836,0.22755,30.12,26.06,25.69,24.56,119.9,"Bueno"
"304",60.03,12.192,0.6772,0.22695,30.06,26.06,25.62,24.5,119.9,"Bueno"
"305",60.03,12.187,0.67765,0.22719,30.12,26.06,25.69,24.56,119.9,"Bueno"
"306",60.02,12.193,0.67765,0.22583,30.12,26.12,25.69,24.56,119.9,"Bueno"
"307",60.02,12.194,0.67936,0.22766,30.19,26.12,25.75,24.5,119.9,"Bueno"
"308",60.03,12.195,0.67879,0.22657,30.19,26.06,25.75,24.56,119.9,"Bueno"
"309",60.03,12.195,0.67845,0.22607,30.19,26.12,25.75,24.56,119.9,"Bueno"
"310",60.03,12.192,0.6781,0.22592,30.19,26.12,25.75,24.5,119.9,"Bueno"
"311",60.03,12.19,0.67857,0.22646,30.19,26.12,25.75,24.5,119.9,"Bueno"
"312",60.03,12.188,0.67981,0.22727,30.25,26.12,25.75,24.5,119.9,"Bueno"
"313",60.03,12.189,0.67942,0.22726,30.25,26.19,25.75,24.5,119.9,"Bueno"
"314",60.03,12.19,0.67947,0.2274,30.25,26.12,25.81,24.56,119.9,"Bueno"
"315",60.02,12.191,0.67957,0.2266,30.25,26.12,25.75,24.56,119.9,"Bueno"
"316",60.01,12.19,0.68143,0.22605,30.25,26.12,25.81,24.5,119.9,"Bueno"
"317",60.01,12.188,0.68096,0.22649,30.25,26.19,25.81,24.56,119.9,"Bueno"
"318",60.01,12.19,0.67948,0.22543,30.25,26.12,25.81,24.56,119.9,"Bueno"
"319",60.01,12.188,0.67989,0.22487,30.25,26.12,25.81,24.56,119.9,"Bueno"
"320",60.01,12.188,0.67818,0.22519,30.31,26.12,25.81,24.5,119.9,"Bueno"
"321",60.01,12.187,0.67651,0.2259,30.31,26.19,25.87,24.5,119.9,"Bueno"
"322",60.01,12.188,0.6772,0.2269,30.31,26.19,25.87,24.56,119.9,"Bueno"
"323",60.01,12.194,0.67748,0.22572,30.31,26.19,25.87,24.56,119.9,"Bueno"
"324",60.01,12.198,0.67757,0.22674,30.37,26.19,25.87,24.5,119.9,"Bueno"
"325",60.01,12.2,0.67792,0.22669,30.37,26.19,25.87,24.56,119.9,"Bueno"
"326",60.02,12.199,0.67846,0.22694,30.37,26.19,25.87,24.56,119.9,"Bueno"
"327",60.02,12.199,0.67941,0.22717,30.37,26.25,25.94,24.56,119.9,"Bueno"
"328",60.01,12.198,0.67938,0.22642,30.44,26.25,25.94,24.5,119.9,"Bueno"
"329",60.01,12.197,0.67972,0.22776,30.44,26.25,25.94,24.56,119.9,"Bueno"
"330",60.01,12.203,0.67919,0.2261,30.44,26.25,25.94,24.56,119.9,"Bueno"
"331",60.01,12.204,0.67947,0.22735,30.44,26.25,25.94,24.56,119.9,"Bueno"
"332",59.99,12.203,0.67946,0.22768,30.5,26.25,25.94,24.5,119.9,"Bueno"
"333",59.99,12.203,0.67804,0.2269,30.5,26.25,25.94,24.56,119.9,"Bueno"
"334",59.99,12.204,0.677,0.22705,30.5,26.31,25.94,24.5,119.9,"Bueno"
"335",59.98,12.203,0.67693,0.22765,30.5,26.31,26,24.56,119.9,"Bueno"
"336",59.98,12.201,0.67965,0.22715,30.5,26.31,25.94,24.56,119.9,"Bueno"
"337",59.98,12.201,0.67882,0.227,30.56,26.37,26,24.56,119.9,"Bueno"
"338",59.99,12.202,0.67755,0.22713,30.56,26.31,26,24.56,119.9,"Bueno"
"339",59.99,12.199,0.67872,0.2269,30.56,26.37,26,24.56,119.9,"Bueno"
"340",59.99,12.2,0.67884,0.22739,30.56,26.37,26.06,24.56,119.9,"Bueno"
"341",59.99,12.197,0.677,0.22723,30.56,26.31,26,24.56,119.9,"Bueno"
"342",60,12.201,0.67718,0.22656,30.62,26.31,26,24.56,119.9,"Bueno"
"343",60,12.205,0.67822,0.22703,30.62,26.37,26.06,24.56,119.9,"Bueno"
"344",60,12.203,0.67871,0.22752,30.62,26.44,26.06,24.5,119.9,"Bueno"
"345",59.99,12.205,0.67685,0.22895,30.62,26.37,26.06,24.56,119.9,"Bueno"
"346",59.99,12.203,0.67889,0.22808,30.69,26.37,26.06,24.5,119.9,"Bueno"
"347",59.99,12.203,0.67806,0.2263,30.69,26.37,26.06,24.5,119.9,"Bueno"
"348",59.99,12.198,0.67743,0.22771,30.69,26.44,26.12,24.5,119.9,"Bueno"
"349",59.98,12.202,0.67864,0.22707,30.69,26.44,26.12,24.5,119.9,"Bueno"
"350",59.98,12.201,0.67963,0.22733,30.69,26.44,26.12,24.5,119.9,"Bueno"
"351",59.98,12.202,0.6795,0.22752,30.69,26.44,26.12,24.56,119.9,"Bueno"
"352",59.98,12.202,0.67827,0.22804,30.75,26.44,26.12,24.56,119.9,"Bueno"
"353",59.98,12.202,0.6804,0.22829,30.75,26.44,26.12,24.5,119.9,"Bueno"
"354",59.98,12.202,0.6797,0.22862,30.75,26.44,26.19,24.56,119.9,"Bueno"
"355",59.98,12.2,0.67876,0.22721,30.75,26.5,26.12,24.5,119.9,"Bueno"
"356",59.98,12.204,0.6781,0.22704,30.81,26.44,26.19,24.5,119.9,"Bueno"
"357",59.98,12.202,0.67663,0.22768,30.81,26.5,26.19,24.5,119.9,"Bueno"
"358",59.98,12.203,0.67808,0.22771,30.81,26.44,26.19,24.5,119.9,"Bueno"
"359",59.98,12.201,0.6776,0.2263,30.81,26.5,26.19,24.56,119.9,"Bueno"
"360",59.98,12.201,0.67884,0.2277,30.81,26.44,26.19,24.5,119.9,"Bueno"
"361",59.98,12.202,0.679,0.226,30.87,26.44,26.19,24.5,119.9,"Bueno"
"362",59.98,12.2,0.67907,0.22741,30.87,26.5,26.25,24.5,119.9,"Bueno"
"363",59.98,12.203,0.67973,0.22627,30.87,26.5,26.19,24.56,119.9,"Bueno"
"364",59.98,12.202,0.68184,0.22809,30.87,26.5,26.25,24.5,119.9,"Bueno"
"365",59.99,12.203,0.68027,0.22719,30.87,26.5,26.25,24.5,119.9,"Bueno"
"366",59.99,12.204,0.67891,0.22781,30.94,26.5,26.25,24.5,119.9,"Bueno"
"367",59.99,12.198,0.67831,0.22673,30.87,26.5,26.25,24.5,119.9,"Bueno"
"368",59.99,12.202,0.67878,0.22553,30.94,26.56,26.25,24.56,119.9,"Bueno"
"369",59.99,12.198,0.68151,0.22729,30.94,26.5,26.25,24.56,119.9,"Bueno"
"370",59.99,12.197,0.68068,0.22712,30.94,26.56,26.31,24.5,119.9,"Bueno"
"371",59.99,12.195,0.68034,0.22682,31,26.56,26.31,24.56,119.9,"Bueno"
"372",60,12.19,0.67687,0.22608,30.94,26.62,26.31,24.5,119.9,"Bueno"
"373",60,12.19,0.67898,0.22594,31,26.56,26.31,24.5,119.9,"Bueno"
"374",60,12.185,0.67912,0.22725,30.94,26.62,26.31,24.5,119.9,"Bueno"
"375",59.99,12.186,0.67921,0.22627,31,26.56,26.31,24.56,119.9,"Bueno"
"376",59.98,12.187,0.6786,0.22521,31,26.56,26.31,24.5,119.9,"Bueno"
"377",59.98,12.187,0.67786,0.22662,31,26.62,26.31,24.5,119.9,"Bueno"
"378",59.98,12.187,0.68039,0.22657,31.06,26.62,26.31,24.56,119.9,"Bueno"
"379",59.97,12.189,0.67993,0.22654,31.06,26.62,26.37,24.5,119.9,"Bueno"
"380",59.97,12.192,0.67977,0.22647,31.06,26.62,26.37,24.5,119.9,"Bueno"
"381",59.97,12.192,0.68031,0.22665,31.06,26.62,26.37,24.56,119.9,"Bueno"
"382",59.97,12.192,0.67912,0.22546,31.06,26.62,26.37,24.5,119.9,"Bueno"
"383",59.97,12.193,0.6796,0.22502,31.12,26.62,26.37,24.5,119.9,"Bueno"
"384",59.97,12.192,0.68087,0.22558,31.06,26.62,26.37,24.5,119.9,"Bueno"
"385",59.97,12.191,0.68227,0.22487,31.06,26.62,26.37,24.56,119.9,"Bueno"
"386",59.98,12.195,0.68373,0.22488,31.06,26.62,26.37,24.5,119.9,"Bueno"
"387",59.98,12.199,0.68147,0.22445,31.06,26.56,26.37,24.5,119.9,"Bueno"
"388",59.98,12.199,0.68332,0.22662,31.06,26.56,26.37,24.5,119.9,"Bueno"
"389",59.99,12.186,0.68032,0.22641,31.06,26.56,26.37,24.5,119.9,"Bueno"
"390",59.99,12.192,0.68131,0.22382,31.06,26.62,26.37,24.56,119.9,"Bueno"
"391",59.99,12.193,0.68119,0.22615,31.12,26.56,26.37,24.5,119.9,"Bueno"
"392",60,12.186,0.68085,0.22561,31.12,26.62,26.44,24.5,119.9,"Bueno"
"393",60,12.189,0.67958,0.22593,31.12,26.62,26.44,24.5,119.9,"Bueno"
"394",60,12.19,0.67902,0.22569,31.12,26.62,26.44,24.5,119.9,"Bueno"
"395",60,12.188,0.682,0.2264,31.12,26.62,26.44,24.56,119.9,"Bueno"
"396",60,12.192,0.68196,0.22523,31.12,26.62,26.44,24.56,119.9,"Bueno"
"397",60,12.193,0.68416,0.22581,31.12,26.69,26.44,24.56,119.9,"Bueno"
"398",60,12.196,0.68196,0.2248,31.19,26.69,26.44,24.56,119.9,"Bueno"
"399",60.01,12.196,0.68299,0.22543,31.19,26.69,26.44,24.56,119.9,"Bueno"
"400",60.01,12.195,0.68389,0.2255,31.25,26.69,26.44,24.56,119.9,"Bueno"
"401",59.97,12.326,0.77771,0.26682,25.12,25,24.75,24.75,119.9,"Malo"
"402",59.97,12.328,0.77707,0.26616,25.12,24.94,24.75,24.75,119.9,"Malo"
"403",59.97,12.326,0.77746,0.26566,25.19,24.94,24.75,24.81,119.9,"Malo"
"404",59.97,12.327,0.77839,0.26546,25.12,24.94,24.81,24.75,119.9,"Malo"
"405",59.98,12.326,0.77661,0.26598,25.12,24.94,24.75,24.75,119.9,"Malo"
"406",59.98,12.326,0.77815,0.26635,25.19,24.94,24.75,24.75,119.9,"Malo"
"407",59.98,12.328,0.77873,0.26516,25.12,24.94,24.81,24.75,119.9,"Malo"
"408",59.98,12.328,0.77731,0.26583,25.19,24.94,24.75,24.75,119.9,"Malo"
"409",59.98,12.328,0.77845,0.26714,25.19,25,24.75,24.75,119.9,"Malo"
"410",59.98,12.329,0.77725,0.26481,25.19,24.94,24.75,24.75,119.9,"Malo"
"411",59.99,12.331,0.77773,0.26623,25.25,24.94,24.75,24.75,119.9,"Malo"
"412",59.99,12.33,0.77775,0.26791,25.25,25,24.75,24.75,119.9,"Malo"
"413",59.99,12.332,0.77865,0.26671,25.25,24.94,24.75,24.75,119.9,"Malo"
"414",60,12.327,0.77705,0.26624,25.25,24.94,24.75,24.75,119.9,"Malo"
"415",60,12.327,0.77734,0.26525,25.25,24.94,24.75,24.75,119.9,"Malo"
"416",60,12.326,0.77768,0.26648,25.25,24.94,24.75,24.75,119.9,"Malo"
"417",60,12.327,0.77694,0.26504,25.25,24.94,24.75,24.69,119.9,"Malo"
"418",60,12.331,0.7782,0.26597,25.31,24.94,24.75,24.69,119.9,"Malo"
"419",60,12.332,0.77763,0.26425,25.25,24.94,24.75,24.69,119.9,"Malo"
"420",60,12.338,0.77937,0.26407,25.31,24.94,24.75,24.69,119.9,"Malo"
"421",60.01,12.34,0.77763,0.26638,25.37,25,24.75,24.69,119.9,"Malo"
"422",60.01,12.338,0.77715,0.26578,25.37,24.94,24.75,24.75,119.9,"Malo"
"423",60.01,12.34,0.77783,0.26599,25.37,24.94,24.75,24.69,119.9,"Malo"
"424",60.02,12.339,0.77743,0.26544,25.37,24.94,24.75,24.75,119.9,"Malo"
"425",60.02,12.34,0.77788,0.26722,25.37,24.94,24.75,24.75,119.9,"Malo"
"426",60.02,12.339,0.77764,0.26578,25.44,24.94,24.75,24.75,119.9,"Malo"
"427",60.02,12.337,0.77849,0.26647,25.44,25,24.75,24.75,119.9,"Malo"
"428",60.02,12.343,0.77883,0.26694,25.44,25,24.75,24.75,119.9,"Malo"
"429",60.02,12.343,0.77874,0.26729,25.44,25,24.75,24.75,119.9,"Malo"
"430",60.02,12.341,0.77747,0.26743,25.5,24.94,24.75,24.69,119.9,"Malo"
"431",59.99,12.344,0.77946,0.26722,25.5,24.94,24.69,24.75,119.9,"Malo"
"432",59.99,12.344,0.77927,0.26589,25.5,24.94,24.75,24.69,119.9,"Malo"
"433",59.99,12.344,0.778,0.26558,25.5,25,24.75,24.69,119.9,"Malo"
"434",59.99,12.344,0.77765,0.26247,25.56,24.94,24.75,24.69,119.9,"Malo"
"435",60,12.346,0.77978,0.26176,25.56,24.94,24.75,24.69,119.9,"Malo"
"436",60,12.347,0.77922,0.26299,25.56,25,24.75,24.69,119.9,"Malo"
"437",60,12.344,0.77833,0.265,25.56,25,24.75,24.69,119.9,"Malo"
"438",60.01,12.346,0.77857,0.26576,25.62,24.94,24.81,24.69,119.9,"Malo"
"439",60.01,12.345,0.7793,0.26596,25.62,25,24.75,24.69,119.9,"Malo"
"440",60.01,12.344,0.78008,0.26537,25.62,25,24.81,24.69,119.9,"Malo"
"441",60.01,12.344,0.77907,0.26572,25.69,24.94,24.81,24.69,119.9,"Malo"
"442",60.01,12.344,0.77755,0.26574,25.69,25,24.81,24.69,119.9,"Malo"
"443",60.01,12.345,0.77791,0.26742,25.69,25,24.81,24.69,119.9,"Malo"
"444",60.01,12.346,0.77939,0.26624,25.75,25,24.81,24.69,119.9,"Malo"
"445",60.01,12.345,0.77864,0.26553,25.75,25,24.75,24.62,119.9,"Malo"
"446",60.01,12.344,0.77861,0.26675,25.75,25,24.81,24.69,119.9,"Malo"
"447",60.01,12.345,0.7789,0.26587,25.81,25,24.81,24.75,119.9,"Malo"
"448",60.02,12.346,0.77811,0.26531,25.81,25,24.81,24.69,119.9,"Malo"
"449",60.02,12.346,0.78083,0.26609,25.81,25,24.75,24.69,119.9,"Malo"
"450",60.02,12.348,0.77884,0.26552,25.87,25,24.81,24.69,119.9,"Malo"
"451",60.02,12.345,0.7784,0.26469,25.87,25,24.81,24.69,119.9,"Malo"
"452",60.02,12.344,0.77887,0.26405,25.94,25,24.81,24.75,119.9,"Malo"
"453",60.02,12.341,0.7792,0.26388,25.94,25,24.81,24.69,119.9,"Malo"
"454",60.01,12.342,0.77847,0.2638,25.94,25,24.81,24.69,119.9,"Malo"
"455",60.01,12.34,0.77897,0.26387,25.94,25,24.81,24.69,119.9,"Malo"
"456",60.01,12.338,0.77711,0.26532,25.94,25,24.81,24.69,119.9,"Malo"
"457",60,12.337,0.77709,0.26586,26,24.94,24.75,24.69,119.9,"Malo"
"458",59.99,12.339,0.77852,0.26553,26,25.06,24.81,24.69,119.9,"Malo"
"459",59.99,12.339,0.77806,0.26641,26.06,25.06,24.81,24.69,119.9,"Malo"
"460",59.99,12.341,0.77841,0.26517,26.06,25,24.81,24.62,119.9,"Malo"
"461",59.98,12.341,0.77768,0.26537,26.06,25,24.81,24.69,119.9,"Malo"
"462",59.98,12.339,0.77875,0.26572,26.06,25.06,24.81,24.69,119.9,"Malo"
"463",59.98,12.34,0.77895,0.266,26.12,25,24.81,24.62,119.9,"Malo"
"464",59.98,12.34,0.77883,0.26638,26.12,25,24.81,24.69,119.9,"Malo"
"465",59.98,12.339,0.77871,0.26567,26.12,25,24.81,24.69,119.9,"Malo"
"466",59.98,12.339,0.77942,0.26516,26.19,25.06,24.87,24.69,119.9,"Malo"
"467",59.98,12.34,0.7791,0.2646,26.19,25.06,24.81,24.69,119.9,"Malo"
"468",59.98,12.343,0.77957,0.26504,26.19,25.06,24.87,24.75,119.9,"Malo"
"469",59.98,12.346,0.77908,0.26622,26.25,25.06,24.87,24.69,119.9,"Malo"
"470",59.98,12.347,0.77893,0.26574,26.25,25.06,24.87,24.69,119.9,"Malo"
"471",60,12.344,0.77874,0.26509,26.25,25.06,24.81,24.75,119.9,"Malo"
"472",60.01,12.347,0.77833,0.26568,26.31,25.06,24.81,24.69,119.9,"Malo"
"473",60.01,12.345,0.77856,0.26643,26.37,25.06,24.81,24.69,119.9,"Malo"
"474",60.01,12.345,0.77776,0.26446,26.37,25.12,24.81,24.75,119.9,"Malo"
"475",60.02,12.342,0.77749,0.26508,26.37,25.06,24.87,24.69,119.9,"Malo"
"476",60.02,12.344,0.77778,0.26605,26.37,25.06,24.87,24.69,119.9,"Malo"
"477",60.02,12.345,0.77738,0.26708,26.44,25.06,24.81,24.69,119.9,"Malo"
"478",60.02,12.343,0.77788,0.26765,26.5,25.06,24.87,24.69,119.9,"Malo"
"479",60.02,12.343,0.77952,0.26604,26.5,25.06,24.87,24.69,119.9,"Malo"
"480",60.02,12.344,0.77689,0.26441,26.5,25.06,24.87,24.75,119.9,"Malo"
"481",60.02,12.341,0.77835,0.26775,26.5,25.06,24.87,24.69,119.9,"Malo"
"482",60.02,12.34,0.77747,0.26562,26.56,25.06,24.87,24.75,119.9,"Malo"
"483",60.02,12.339,0.7793,0.26637,26.56,25.06,24.87,24.75,119.9,"Malo"
"484",60.02,12.343,0.77893,0.26578,26.56,25.06,24.87,24.69,119.9,"Malo"
"485",60.01,12.338,0.77773,0.26449,26.56,25.12,24.87,24.81,119.9,"Malo"
"486",60.01,12.341,0.77984,0.26535,26.56,25.06,24.94,24.69,119.9,"Malo"
"487",60.01,12.339,0.77702,0.26469,26.62,25.06,24.87,24.69,119.9,"Malo"
"488",60,12.327,0.77771,0.2661,26.69,25.12,24.87,24.69,119.9,"Malo"
"489",60,12.33,0.77802,0.26498,26.69,25.12,24.94,24.75,119.9,"Malo"
"490",60,12.332,0.77736,0.26595,26.69,25.12,24.87,24.69,119.9,"Malo"
"491",60,12.326,0.77753,0.26545,26.69,25.12,24.87,24.75,119.9,"Malo"
"492",59.99,12.327,0.77749,0.26298,26.75,25.06,24.87,24.69,119.9,"Malo"
"493",59.99,12.327,0.77781,0.26582,26.75,25.12,24.94,24.75,119.9,"Malo"
"494",60,12.33,0.77684,0.26545,26.81,25.12,24.87,24.69,119.9,"Malo"
"495",60.01,12.328,0.77831,0.26471,26.81,25.12,24.87,24.69,119.9,"Malo"
"496",60.01,12.329,0.77711,0.26652,26.81,25.12,24.94,24.75,119.9,"Malo"
"497",60.01,12.329,0.77849,0.26436,26.87,25.12,24.87,24.69,119.9,"Malo"
"498",60.01,12.332,0.77657,0.26477,26.87,25.12,24.94,24.69,119.9,"Malo"
"499",60.01,12.333,0.77801,0.26547,26.87,25.12,24.87,24.69,119.9,"Malo"
"500",60.01,12.33,0.77634,0.26542,26.94,25.12,24.94,24.69,119.9,"Malo"
"501",60,12.329,0.77901,0.26571,26.94,25.19,24.94,24.75,119.9,"Malo"
"502",59.99,12.331,0.77861,0.26574,26.94,25.12,24.87,24.75,119.9,"Malo"
"503",59.99,12.329,0.77728,0.26469,27,25.12,24.94,24.75,119.9,"Malo"
"504",59.98,12.331,0.77722,0.26624,27,25.19,24.94,24.75,119.9,"Malo"
"505",59.97,12.327,0.77756,0.26416,27,25.19,24.94,24.75,119.9,"Malo"
"506",59.97,12.327,0.77778,0.2656,27.06,25.12,24.94,24.75,119.9,"Malo"
"507",59.97,12.33,0.77875,0.26419,27.12,25.12,24.94,24.69,119.9,"Malo"
"508",59.98,12.328,0.77677,0.26558,27.12,25.12,24.94,24.69,119.9,"Malo"
"509",59.98,12.328,0.77875,0.26558,27.19,25.12,24.94,24.69,119.9,"Malo"
"510",59.98,12.331,0.77712,0.26667,27.19,25.19,24.87,24.69,119.9,"Malo"
"511",59.99,12.329,0.77731,0.26595,27.19,25.19,24.87,24.69,119.9,"Malo"
"512",60,12.329,0.7761,0.2663,27.25,25.12,24.94,24.75,119.9,"Malo"
"513",60,12.327,0.77738,0.2661,27.25,25.19,24.87,24.69,119.9,"Malo"
"514",60.01,12.321,0.77739,0.26735,27.25,25.19,24.94,24.69,119.9,"Malo"
"515",60.02,12.327,0.776,0.26394,27.25,25.19,24.94,24.69,119.9,"Malo"
"516",60.02,12.33,0.7763,0.26495,27.31,25.19,24.94,24.69,119.9,"Malo"
"517",60.02,12.329,0.77726,0.266,27.31,25.19,24.94,24.69,119.9,"Malo"
"518",60.02,12.328,0.77664,0.26627,27.31,25.19,24.94,24.69,119.9,"Malo"
"519",60.02,12.325,0.77848,0.26558,27.31,25.19,24.94,24.69,119.9,"Malo"
"520",60.02,12.325,0.77672,0.26484,27.37,25.19,24.94,24.69,119.9,"Malo"
"521",60.01,12.326,0.77718,0.26473,27.37,25.19,24.94,24.69,119.9,"Malo"
"522",60.01,12.326,0.77652,0.26467,27.44,25.19,24.94,24.69,119.9,"Malo"
"523",60.01,12.325,0.77751,0.26401,27.44,25.12,24.94,24.69,119.9,"Malo"
"524",60.01,12.326,0.77716,0.26551,27.44,25.12,24.87,24.69,119.9,"Malo"
"525",60.01,12.327,0.77777,0.26501,27.5,25.19,24.94,24.69,119.9,"Malo"
"526",60.01,12.323,0.77585,0.26519,27.44,25.19,24.94,24.69,119.9,"Malo"
"527",60.01,12.327,0.77725,0.26451,27.5,25.19,24.94,24.62,119.9,"Malo"
"528",60.01,12.325,0.77736,0.26539,27.5,25.19,24.94,24.69,119.9,"Malo"
"529",60.01,12.323,0.77622,0.26612,27.56,25.19,24.94,24.69,119.9,"Malo"
"530",60.01,12.326,0.77653,0.26541,27.62,25.25,24.94,24.75,119.9,"Malo"
"531",60.01,12.323,0.77554,0.26683,27.56,25.25,24.94,24.69,119.9,"Malo"
"532",60.01,12.321,0.77669,0.26438,27.56,25.19,24.94,24.62,119.9,"Malo"
"533",60.01,12.323,0.77523,0.26671,27.62,25.19,24.94,24.69,119.9,"Malo"
"534",60,12.321,0.77598,0.26484,27.69,25.25,24.94,24.62,119.9,"Malo"
"535",59.99,12.323,0.77626,0.26526,27.62,25.19,24.94,24.62,119.9,"Malo"
"536",59.99,12.323,0.77576,0.26514,27.69,25.19,25,24.69,119.9,"Malo"
"537",59.99,12.323,0.77578,0.26512,27.69,25.19,25,24.62,119.9,"Malo"
"538",59.99,12.322,0.77689,0.26585,27.75,25.25,25,24.69,119.9,"Malo"
"539",59.99,12.321,0.77719,0.26452,27.75,25.25,25,24.62,119.9,"Malo"
"540",59.99,12.32,0.77601,0.26422,27.81,25.25,25,24.69,119.9,"Malo"
"541",59.99,12.319,0.77626,0.26512,27.81,25.25,25,24.69,119.9,"Malo"
"542",59.99,12.322,0.77586,0.26609,27.81,25.19,25,24.62,119.9,"Malo"
"543",59.99,12.318,0.77653,0.26347,27.81,25.25,25,24.69,119.9,"Malo"
"544",59.99,12.319,0.77615,0.2644,27.87,25.25,25,24.69,119.9,"Malo"
"545",59.99,12.311,0.77659,0.26323,27.87,25.25,25.06,24.69,119.9,"Malo"
"546",59.99,12.312,0.77545,0.26499,27.87,25.25,25,24.69,119.9,"Malo"
"547",59.99,12.315,0.77683,0.2641,27.94,25.19,25.06,24.69,119.9,"Malo"
"548",59.98,12.317,0.77579,0.26403,27.94,25.25,25.06,24.69,119.9,"Malo"
"549",59.98,12.315,0.77703,0.26397,28,25.25,25.06,24.69,119.9,"Malo"
"550",59.98,12.315,0.7758,0.26459,27.94,25.25,25.06,24.62,119.9,"Malo"
"551",59.99,12.315,0.77656,0.2644,28,25.25,25.06,24.69,119.9,"Malo"
"552",59.99,12.317,0.7761,0.26469,28,25.25,25.06,24.62,119.9,"Malo"
"553",59.99,12.316,0.77601,0.26593,28.06,25.25,25.06,24.69,119.9,"Malo"
"554",59.99,12.318,0.77535,0.26478,28.06,25.25,25.06,24.62,119.9,"Malo"
"555",60,12.315,0.77599,0.26495,28.06,25.31,25.06,24.69,119.9,"Malo"
"556",60,12.314,0.77662,0.26633,28.12,25.31,25.06,24.69,119.9,"Malo"
"557",60,12.313,0.77555,0.26406,28.12,25.31,25.06,24.69,119.9,"Malo"
"558",59.99,12.316,0.77551,0.26343,28.12,25.31,25.06,24.62,119.9,"Malo"
"559",59.99,12.315,0.77591,0.26528,28.19,25.31,25.12,24.62,119.9,"Malo"
"560",59.99,12.314,0.77473,0.26509,28.19,25.31,25.12,24.69,119.9,"Malo"
"561",59.99,12.312,0.77602,0.26521,28.19,25.31,25.12,24.69,119.9,"Malo"
"562",59.99,12.309,0.77516,0.26406,28.19,25.25,25.12,24.62,119.9,"Malo"
"563",59.99,12.306,0.77396,0.26498,28.25,25.25,25.12,24.69,119.9,"Malo"
"564",59.99,12.306,0.77353,0.26436,28.25,25.31,25.12,24.62,119.9,"Malo"
"565",59.98,12.308,0.77411,0.26392,28.25,25.31,25.12,24.62,119.9,"Malo"
"566",59.98,12.313,0.77619,0.26191,28.31,25.31,25.12,24.62,119.9,"Malo"
"567",59.98,12.316,0.77577,0.26298,28.31,25.31,25.12,24.62,119.9,"Malo"
"568",59.99,12.316,0.77626,0.26407,28.37,25.37,25.12,24.69,119.9,"Malo"
"569",59.99,12.317,0.77609,0.26344,28.37,25.37,25.19,24.62,119.9,"Malo"
"570",59.99,12.323,0.77527,0.26378,28.37,25.37,25.12,24.62,119.9,"Malo"
"571",60.01,12.324,0.77611,0.26422,28.44,25.37,25.19,24.62,119.9,"Malo"
"572",60.02,12.326,0.77439,0.26445,28.44,25.37,25.12,24.62,119.9,"Malo"
"573",60.02,12.328,0.77706,0.2654,28.5,25.37,25.19,24.69,119.9,"Malo"
"574",60.02,12.33,0.77571,0.2657,28.5,25.37,25.19,24.69,119.9,"Malo"
"575",60.02,12.32,0.77526,0.26512,28.5,25.37,25.19,24.62,119.9,"Malo"
"576",60.02,12.322,0.77639,0.26513,28.56,25.37,25.19,24.69,119.9,"Malo"
"577",60.02,12.322,0.77526,0.26536,28.56,25.37,25.19,24.62,119.9,"Malo"
"578",60.01,12.32,0.77699,0.2653,28.56,25.44,25.19,24.62,119.9,"Malo"
"579",60.01,12.319,0.77711,0.2643,28.62,25.44,25.19,24.62,119.9,"Malo"
"580",60.01,12.324,0.77693,0.26616,28.56,25.31,25.19,24.62,119.9,"Malo"
"581",60,12.326,0.77591,0.26496,28.62,25.37,25.19,24.62,119.9,"Malo"
"582",59.99,12.324,0.77706,0.26695,28.62,25.44,25.19,24.62,119.9,"Malo"
"583",59.99,12.325,0.77769,0.26623,28.69,25.44,25.25,24.62,119.9,"Malo"
"584",59.99,12.323,0.77739,0.266,28.69,25.37,25.19,24.69,119.9,"Malo"
"585",59.99,12.321,0.77679,0.26492,28.69,25.44,25.25,24.69,119.9,"Malo"
"586",59.99,12.326,0.77602,0.26596,28.69,25.44,25.25,24.69,119.9,"Malo"
"587",59.99,12.323,0.77713,0.26465,28.75,25.44,25.25,24.69,119.9,"Malo"
"588",60.01,12.328,0.77569,0.26501,28.75,25.44,25.25,24.69,119.9,"Malo"
"589",60.01,12.327,0.77615,0.26473,28.81,25.5,25.31,24.69,119.9,"Malo"
"590",60.01,12.324,0.77507,0.26566,28.81,25.44,25.31,24.69,119.9,"Malo"
"591",60.03,12.324,0.77546,0.26484,28.81,25.5,25.25,24.69,119.9,"Malo"
"592",60.03,12.319,0.77458,0.26645,28.81,25.5,25.31,24.69,119.9,"Malo"
"593",60.03,12.318,0.77583,0.2658,28.87,25.5,25.31,24.69,119.9,"Malo"
"594",60.03,12.319,0.77526,0.26522,28.87,25.5,25.31,24.62,119.9,"Malo"
"595",60.03,12.319,0.77429,0.26405,28.87,25.5,25.31,24.69,119.9,"Malo"
"596",60.03,12.317,0.7748,0.26528,28.87,25.5,25.31,24.69,119.9,"Malo"
"597",60.03,12.317,0.77482,0.26521,28.94,25.56,25.31,24.69,119.9,"Malo"
"598",60.02,12.316,0.77649,0.26558,28.94,25.5,25.31,24.69,119.9,"Malo"
"599",60.02,12.311,0.77529,0.26566,28.94,25.44,25.31,24.75,119.9,"Malo"
"600",60.02,12.31,0.77543,0.26695,29,25.56,25.37,24.69,119.9,"Malo"
"601",60.01,12.312,0.77512,0.26435,29,25.5,25.37,24.75,119.9,"Malo"
"602",60,12.316,0.77525,0.26492,29.06,25.5,25.31,24.69,119.9,"Malo"
"603",60,12.314,0.77588,0.26674,29.12,25.5,25.37,24.75,119.9,"Malo"
"604",59.99,12.32,0.77763,0.2641,29.12,25.5,25.37,24.69,119.9,"Malo"
"605",59.97,12.32,0.77488,0.26653,29.12,25.5,25.37,24.69,119.9,"Malo"
"606",59.97,12.324,0.77555,0.26587,29.12,25.56,25.37,24.75,119.9,"Malo"
"607",59.97,12.325,0.77622,0.26556,29.19,25.56,25.37,24.75,119.9,"Malo"
"608",59.97,12.326,0.77727,0.26685,29.19,25.56,25.37,24.69,119.9,"Malo"
"609",59.97,12.327,0.777,0.26556,29.25,25.56,25.37,24.75,119.9,"Malo"
"610",59.97,12.327,0.77727,0.26675,29.19,25.56,25.37,24.69,119.9,"Malo"
"611",59.96,12.328,0.77657,0.26727,29.25,25.56,25.37,24.75,119.9,"Malo"
"612",59.96,12.328,0.77608,0.26599,29.25,25.56,25.44,24.75,119.9,"Malo"
"613",59.96,12.329,0.77607,0.26803,29.25,25.56,25.44,24.75,119.9,"Malo"
"614",59.96,12.326,0.77559,0.26628,29.25,25.56,25.44,24.75,119.9,"Malo"
"615",59.96,12.325,0.77579,0.26508,29.25,25.56,25.44,24.75,119.9,"Malo"
"616",59.96,12.326,0.77684,0.26659,29.31,25.62,25.44,24.75,119.9,"Malo"
"617",59.96,12.329,0.7768,0.26581,29.31,25.56,25.5,24.75,119.9,"Malo"
"618",59.96,12.326,0.77613,0.26525,29.37,25.56,25.5,24.75,119.9,"Malo"
"619",59.96,12.327,0.77474,0.26543,29.37,25.56,25.5,24.75,119.9,"Malo"
"620",59.96,12.326,0.77547,0.26586,29.37,25.5,25.5,24.75,119.9,"Malo"
"621",59.97,12.327,0.77517,0.26668,29.44,25.56,25.5,24.75,119.9,"Malo"
"622",59.97,12.326,0.7759,0.26634,29.44,25.56,25.5,24.75,119.9,"Malo"
"623",59.97,12.325,0.77396,0.26695,29.44,25.56,25.5,24.75,119.9,"Malo"
"624",59.97,12.328,0.77548,0.26791,29.44,25.5,25.5,24.75,119.9,"Malo"
"625",59.97,12.326,0.77409,0.26642,29.5,25.5,25.5,24.75,119.9,"Malo"
"626",59.97,12.326,0.7762,0.2665,29.5,25.5,25.5,24.81,119.9,"Malo"
"627",59.97,12.326,0.77573,0.26674,29.5,25.5,25.5,24.81,119.9,"Malo"
"628",59.97,12.329,0.77433,0.26549,29.56,25.44,25.56,24.81,119.9,"Malo"
"629",59.97,12.33,0.77438,0.26612,29.56,25.5,25.5,24.81,119.9,"Malo"
"630",59.97,12.33,0.77591,0.26714,29.56,25.5,25.5,24.81,119.9,"Malo"
"631",59.96,12.331,0.77617,0.26683,29.62,25.5,25.56,24.81,119.9,"Malo"
"632",59.96,12.331,0.77569,0.26681,29.62,25.44,25.5,24.81,119.9,"Malo"
"633",59.96,12.332,0.77522,0.26549,29.62,25.44,25.56,24.81,119.9,"Malo"
"634",59.97,12.331,0.77683,0.2677,29.69,25.5,25.56,24.87,119.9,"Malo"
"635",59.98,12.333,0.77747,0.26705,29.69,25.5,25.56,24.81,119.9,"Malo"
"636",59.98,12.334,0.77642,0.26638,29.69,25.44,25.56,24.81,119.9,"Malo"
"637",59.98,12.332,0.7752,0.26477,29.75,25.37,25.62,24.87,119.9,"Malo"
"638",59.98,12.335,0.77607,0.26744,29.75,25.44,25.62,24.81,119.9,"Malo"
"639",59.98,12.337,0.77553,0.26712,29.75,25.37,25.56,24.81,119.9,"Malo"
"640",59.98,12.338,0.77763,0.26717,29.75,25.37,25.62,24.81,119.9,"Malo"
"641",59.98,12.337,0.77439,0.26617,29.81,25.44,25.62,24.75,119.9,"Malo"
"642",59.98,12.34,0.77712,0.26753,29.81,25.44,25.62,24.81,119.9,"Malo"
"643",59.98,12.339,0.77622,0.26719,29.81,25.37,25.62,24.75,119.9,"Malo"
"644",59.99,12.342,0.7772,0.26929,29.87,25.44,25.62,24.81,119.9,"Malo"
"645",59.99,12.343,0.77764,0.26854,29.87,25.44,25.62,24.75,119.9,"Malo"
"646",59.99,12.344,0.77817,0.26808,29.94,25.37,25.62,24.75,119.9,"Malo"
"647",59.99,12.345,0.7765,0.26804,29.94,25.37,25.62,24.75,119.9,"Malo"
"648",60.01,12.344,0.77628,0.26805,29.94,25.37,25.62,24.81,119.9,"Malo"
"649",60.01,12.346,0.77671,0.26891,30,25.37,25.62,24.75,119.9,"Malo"
"650",60.01,12.346,0.77596,0.26815,30,25.37,25.62,24.81,119.9,"Malo"
"651",60.02,12.344,0.77598,0.26745,30,25.37,25.62,24.75,119.9,"Malo"
"652",60.02,12.342,0.77562,0.26879,30,25.31,25.62,24.75,119.9,"Malo"
"653",60.02,12.343,0.77467,0.26874,30.06,25.37,25.69,24.75,119.9,"Malo"
"654",60.01,12.344,0.77753,0.26758,30.06,25.37,25.62,24.75,119.9,"Malo"
"655",60,12.346,0.77703,0.26701,30.12,25.37,25.62,24.75,119.9,"Malo"
"656",60,12.342,0.77611,0.26876,30.12,25.31,25.62,24.75,119.9,"Malo"
"657",60,12.34,0.77697,0.26796,30.12,25.31,25.62,24.75,119.9,"Malo"
"658",59.98,12.34,0.77746,0.26743,30.12,25.37,25.62,24.69,119.9,"Malo"
"659",59.98,12.339,0.77516,0.26796,30.19,25.37,25.69,24.75,119.9,"Malo"
"660",59.98,12.343,0.77877,0.26912,30.19,25.37,25.62,24.69,119.9,"Malo"
"661",59.97,12.345,0.7774,0.2667,30.19,25.37,25.69,24.75,119.9,"Malo"
"662",59.97,12.348,0.77559,0.26956,30.25,25.37,25.69,24.69,119.9,"Malo"
"663",59.97,12.336,0.77611,0.26814,30.25,25.37,25.69,24.69,119.9,"Malo"
"664",59.99,12.345,0.77618,0.26754,30.25,25.31,25.69,24.69,119.9,"Malo"
"665",60.02,12.34,0.77597,0.26777,30.31,25.37,25.69,24.75,119.9,"Malo"
"666",60.02,12.337,0.77488,0.26858,30.31,25.37,25.69,24.75,119.9,"Malo"
"667",60.02,12.341,0.7764,0.26797,30.37,25.31,25.75,24.75,119.9,"Malo"
"668",60.02,12.338,0.77737,0.26879,30.37,25.31,25.75,24.75,119.9,"Malo"
"669",60.02,12.338,0.77612,0.26916,30.37,25.37,25.75,24.69,119.9,"Malo"
"670",60.02,12.34,0.77573,0.26874,30.37,25.31,25.75,24.69,119.9,"Malo"
"671",60.03,12.338,0.77406,0.26792,30.44,25.31,25.75,24.75,119.9,"Malo"
"672",60.03,12.34,0.77622,0.26787,30.44,25.37,25.81,24.69,119.9,"Malo"
"673",60.03,12.338,0.77588,0.26852,30.44,25.37,25.75,24.75,119.9,"Malo"
"674",60.03,12.339,0.77535,0.26956,30.5,25.31,25.75,24.69,119.9,"Malo"
"675",60.02,12.34,0.77483,0.26771,30.5,25.37,25.81,24.69,119.9,"Malo"
"676",60.02,12.34,0.77698,0.26895,30.5,25.31,25.75,24.69,119.9,"Malo"
"677",60.02,12.341,0.77689,0.26948,30.5,25.31,25.81,24.69,119.9,"Malo"
"678",60.02,12.339,0.77531,0.26946,30.5,25.37,25.81,24.75,119.8,"Malo"
"679",60.02,12.342,0.7758,0.26979,30.5,25.31,25.81,24.69,120,"Malo"
"680",60.02,12.34,0.77697,0.27087,30.56,25.31,25.81,24.69,120,"Malo"
"681",60.02,12.339,0.77732,0.26979,30.56,25.37,25.81,24.69,120,"Malo"
"682",60.02,12.338,0.7764,0.27049,30.56,25.31,25.81,24.69,120,"Malo"
"683",60.02,12.334,0.77569,0.26912,30.62,25.31,25.81,24.69,120.1,"Malo"
"684",60.01,12.338,0.77531,0.27029,30.62,25.37,25.81,24.69,120,"Malo"
"685",59.99,12.337,0.77677,0.26865,30.69,25.31,25.81,24.69,120.1,"Malo"
"686",59.99,12.338,0.77693,0.27087,30.69,25.31,25.81,24.69,120.1,"Malo"
"687",59.99,12.338,0.77736,0.27131,30.69,25.31,25.81,24.69,120,"Malo"
"688",59.98,12.339,0.77665,0.26979,30.75,25.31,25.81,24.69,120,"Malo"
"689",59.98,12.341,0.77686,0.26818,30.75,25.31,25.81,24.69,120,"Malo"
"690",59.98,12.338,0.77665,0.26958,30.75,25.37,25.87,24.69,120,"Malo"
"691",59.98,12.341,0.77647,0.26777,30.81,25.31,25.87,24.69,120,"Malo"
"692",59.98,12.343,0.77718,0.26944,30.75,25.31,25.87,24.62,120,"Malo"
"693",59.98,12.339,0.77568,0.26968,30.81,25.37,25.87,24.69,120,"Malo"
"694",59.98,12.34,0.7772,0.26926,30.81,25.31,25.87,24.69,120,"Malo"
"695",59.98,12.337,0.77613,0.26953,30.87,25.31,25.87,24.69,120,"Malo"
"696",59.98,12.337,0.77769,0.26762,30.87,25.31,25.87,24.69,120,"Malo"
"697",59.98,12.335,0.77815,0.26909,30.94,25.31,25.87,24.62,120,"Malo"
"698",59.97,12.336,0.7792,0.2685,31,25.31,25.87,24.69,120,"Malo"
"699",59.97,12.335,0.77758,0.26967,31,25.37,25.87,24.69,120,"Malo"
"700",59.97,12.337,0.77834,0.26908,31,25.31,25.87,24.69,120,"Malo"
"701",59.96,12.34,0.77873,0.26947,31.06,25.31,25.87,24.75,120,"Malo"
"702",59.96,12.339,0.77785,0.2673,31.06,25.31,25.94,24.75,120,"Malo"
"703",59.96,12.336,0.77727,0.26667,31.06,25.31,25.94,24.81,120,"Malo"
"704",59.96,12.334,0.77741,0.26769,31.06,25.37,25.94,24.75,120,"Malo"
"705",59.97,12.331,0.77692,0.26782,31.06,25.37,25.94,24.75,120,"Malo"
"706",59.97,12.334,0.77758,0.26769,31.12,25.37,25.94,24.75,120,"Malo"
"707",59.97,12.333,0.77735,0.26739,31.12,25.31,25.94,24.75,120,"Malo"
"708",59.98,12.335,0.77502,0.26808,31.12,25.37,25.94,24.75,120,"Malo"
"709",59.98,12.334,0.77704,0.26823,31.12,25.31,25.94,24.75,120,"Malo"
"710",59.98,12.337,0.77682,0.2671,31.19,25.37,25.94,24.75,120,"Malo"
"711",59.99,12.34,0.77681,0.26696,31.19,25.37,26,24.75,120,"Malo"
"712",59.99,12.341,0.7782,0.26775,31.19,25.31,25.94,24.69,120,"Malo"
"713",59.99,12.337,0.77781,0.26676,31.19,25.37,25.94,24.69,120,"Malo"
"714",60,12.338,0.77526,0.2684,31.25,25.37,26,24.75,120,"Malo"
"715",60.01,12.337,0.77678,0.26714,31.25,25.37,26,24.75,120,"Malo"
"716",60.01,12.34,0.77678,0.26824,31.25,25.37,26,24.75,120,"Malo"
"717",60.01,12.339,0.77856,0.26657,31.25,25.37,26,24.81,120,"Malo"
"718",60.03,12.341,0.77782,0.26731,31.25,25.44,26.06,24.94,120,"Malo"
"719",60.03,12.339,0.77544,0.26696,31.25,25.44,26.06,25,120,"Malo"
"720",60.03,12.337,0.77597,0.2667,31.31,25.37,26.06,25,120,"Malo"
"721",60.02,12.337,0.77669,0.26765,31.31,25.44,26.06,25,120,"Malo"
"722",60.02,12.335,0.77627,0.26852,31.37,25.44,26.06,25,120,"Malo"
"723",60.02,12.334,0.77665,0.26866,31.37,25.44,26.06,24.94,120,"Malo"
"724",60.02,12.336,0.77742,0.27005,31.44,25.44,26.06,25,120,"Malo"
"725",60.01,12.334,0.77564,0.26985,31.5,25.44,26.06,24.94,119.9,"Malo"
"726",60.01,12.336,0.77588,0.26907,31.44,25.44,26.06,24.94,119.9,"Malo"
"727",60.01,12.339,0.7761,0.26834,31.44,25.44,26.06,24.94,119.9,"Malo"
"728",60,12.34,0.77553,0.27049,31.5,25.44,26.12,24.94,119.9,"Malo"
"729",60,12.342,0.77537,0.26964,31.5,25.5,26.12,24.94,119.9,"Malo"
"730",60,12.335,0.77655,0.26805,31.5,25.56,26.12,24.94,119.9,"Malo"
"731",60,12.336,0.77708,0.2688,31.5,25.5,26.12,24.94,119.9,"Malo"
"732",60,12.336,0.77604,0.26978,31.56,25.62,26.12,24.94,119.9,"Malo"
"733",60,12.338,0.77597,0.27032,31.62,25.62,26.06,24.94,119.9,"Malo"
"734",60,12.342,0.77753,0.2707,31.62,25.62,26.12,24.94,119.8,"Malo"
"735",60.01,12.343,0.77747,0.27012,31.62,25.62,26.12,24.87,119.8,"Malo"
"736",60.01,12.341,0.77537,0.26968,31.69,25.69,26.12,24.94,119.8,"Malo"
"737",60.01,12.337,0.77606,0.26969,31.69,25.75,26.12,24.94,119.8,"Malo"
"738",60.03,12.335,0.77562,0.26961,31.75,25.75,26.12,24.94,119.8,"Malo"
"739",60.03,12.334,0.77543,0.26874,31.75,25.75,26.12,24.87,119.9,"Malo"
"740",60.03,12.333,0.7748,0.26994,31.81,25.75,26.12,24.94,119.8,"Malo"
"741",60.01,12.337,0.77517,0.26959,31.81,25.75,26.12,24.87,119.9,"Malo"
"742",60.01,12.337,0.77563,0.26977,31.81,25.81,26.12,24.87,119.8,"Malo"
"743",60.01,12.341,0.77603,0.26756,31.81,25.81,26.12,24.87,119.8,"Malo"
"744",60,12.341,0.77569,0.26954,31.81,25.81,26.19,24.87,119.8,"Malo"
"745",60,12.34,0.77674,0.26923,31.87,25.81,26.19,24.94,119.8,"Malo"
"746",60,12.339,0.77589,0.26899,31.87,25.81,26.19,24.87,119.8,"Malo"
"747",60,12.335,0.77656,0.2697,31.87,25.81,26.25,24.87,119.8,"Malo"
"748",59.99,12.333,0.77634,0.27063,31.94,25.87,26.19,24.81,119.8,"Malo"
"749",59.99,12.333,0.77619,0.2693,31.94,25.81,26.25,24.87,119.8,"Malo"
"750",59.99,12.336,0.77676,0.26909,31.94,25.87,26.25,24.87,119.8,"Malo"
"751",59.98,12.325,0.77596,0.26776,31.94,25.81,26.25,24.87,119.9,"Malo"
"752",59.98,12.333,0.77542,0.26878,32,25.87,26.19,24.94,119.9,"Malo"
"753",59.98,12.335,0.77608,0.26964,32,25.87,26.19,24.87,119.9,"Malo"
"754",59.98,12.333,0.77609,0.26942,32.06,25.94,26.25,24.87,119.8,"Malo"
"755",59.98,12.325,0.77498,0.26827,32.06,25.87,26.19,24.87,119.8,"Malo"
"756",59.98,12.326,0.77552,0.26696,32.06,25.94,26.25,24.81,119.8,"Malo"
"757",59.98,12.328,0.77486,0.26765,32.13,25.94,26.25,24.87,119.8,"Malo"
"758",59.98,12.329,0.77665,0.26837,32.13,25.94,26.25,24.87,119.8,"Malo"
"759",59.98,12.329,0.77708,0.26765,32.19,25.94,26.25,24.81,119.8,"Malo"
"760",59.98,12.329,0.77539,0.26781,32.19,25.94,26.25,24.81,119.9,"Malo"
"761",59.98,12.332,0.77617,0.26833,32.19,25.94,26.25,24.81,119.9,"Malo"
"762",59.98,12.334,0.77498,0.26763,32.19,25.94,26.25,24.81,119.9,"Malo"
"763",59.98,12.338,0.77442,0.26859,32.25,26,26.25,24.81,119.9,"Malo"
"764",59.98,12.337,0.77649,0.26767,32.25,26,26.25,24.81,119.8,"Malo"
"765",60,12.336,0.77564,0.26839,32.31,26,26.25,24.81,119.9,"Malo"
"766",60,12.332,0.77555,0.26779,32.31,26,26.31,24.81,119.8,"Malo"
"767",60,12.334,0.77498,0.26632,32.31,26,26.31,24.81,119.8,"Malo"
"768",60.01,12.334,0.77738,0.26706,32.31,26,26.31,24.81,119.8,"Malo"
"769",60.01,12.333,0.77413,0.26744,32.31,26.06,26.31,24.81,119.8,"Malo"
"770",60.01,12.334,0.77515,0.26869,32.31,26,26.31,24.81,119.8,"Malo"
"771",60.02,12.335,0.77614,0.26933,32.38,26.06,26.31,24.81,119.9,"Malo"
"772",60.02,12.334,0.77452,0.26895,32.38,26,26.31,24.81,119.9,"Malo"
"773",60.02,12.332,0.77601,0.26925,32.38,26.12,26.31,24.81,119.9,"Malo"
"774",60.02,12.335,0.77592,0.26818,32.44,26.12,26.31,24.81,119.9,"Malo"
"775",60.03,12.331,0.77412,0.2695,32.5,26.06,26.37,24.75,119.9,"Malo"
"776",60.03,12.332,0.77649,0.26819,32.5,26.12,26.31,24.75,119.9,"Malo"
"777",60.03,12.337,0.77522,0.26917,32.5,26.19,26.31,24.81,119.9,"Malo"
"778",60.01,12.338,0.77723,0.26983,32.56,26.19,26.31,24.81,119.9,"Malo"
"779",60.01,12.341,0.77716,0.27043,32.56,26.25,26.31,24.75,119.9,"Malo"
"780",60.01,12.346,0.77664,0.26987,32.56,26.25,26.37,24.81,119.9,"Malo"
"781",60.01,12.347,0.7774,0.26979,32.63,26.25,26.31,24.75,119.9,"Malo"
"782",60,12.346,0.77569,0.26964,32.63,26.25,26.37,24.75,119.9,"Malo"
"783",60,12.345,0.77722,0.27069,32.63,26.25,26.37,24.75,119.9,"Malo"
"784",60.01,12.346,0.77687,0.2696,32.69,26.25,26.37,24.75,119.9,"Malo"
"785",60.02,12.344,0.77578,0.27082,32.69,26.25,26.37,24.75,119.9,"Malo"
"786",60.02,12.344,0.77812,0.27013,32.69,26.25,26.37,24.75,119.8,"Malo"
"787",60.02,12.345,0.77693,0.27007,32.75,26.25,26.37,24.75,119.8,"Malo"
"788",60.02,12.34,0.77523,0.26964,32.75,26.25,26.37,24.75,119.8,"Malo"
"789",60.02,12.346,0.77717,0.27025,32.75,26.25,26.37,24.75,119.8,"Malo"
"790",60.02,12.345,0.77645,0.27091,32.75,26.31,26.37,24.75,119.8,"Malo"
"791",60.03,12.346,0.77637,0.26998,32.75,26.31,26.37,24.75,119.9,"Malo"
"792",60.03,12.345,0.77657,0.27041,32.81,26.31,26.37,24.75,119.9,"Malo"
"793",60.03,12.34,0.77601,0.27127,32.81,26.31,26.37,24.75,119.9,"Malo"
"794",60.03,12.348,0.77563,0.2699,32.81,26.37,26.37,24.69,119.9,"Malo"
"795",60.03,12.341,0.77793,0.26976,32.88,26.37,26.37,24.75,119.8,"Malo"
"796",60.03,12.342,0.77635,0.2711,32.88,26.37,26.37,24.75,119.9,"Malo"
"797",60.03,12.341,0.77563,0.26915,32.94,26.44,26.37,24.75,119.9,"Malo"
"798",60.04,12.339,0.77687,0.26877,32.94,26.44,26.37,24.75,119.8,"Malo"
